timestamp,src_ip,dst_ip,protocol,length
1738101193.897255,10.0.0.246,224.0.0.251,UDP,410
1738101193.997653,10.0.0.246,224.0.0.251,UDP,104
1738101194.410392,10.0.0.241,140.82.113.3,TCP,78
1738101194.431881,140.82.113.3,10.0.0.241,TCP,74
1738101194.431984,10.0.0.241,140.82.113.3,TCP,66
1738101194.433394,10.0.0.241,140.82.113.3,TCP,87
1738101194.449032,140.82.113.3,10.0.0.241,TCP,85
1738101194.449139,10.0.0.241,140.82.113.3,TCP,66
1738101194.450574,10.0.0.241,140.82.113.3,TCP,1490
1738101194.4506,10.0.0.241,140.82.113.3,TCP,178
1738101194.455629,140.82.113.3,10.0.0.241,TCP,66
1738101194.45563,140.82.113.3,10.0.0.241,TCP,818
1738101194.455771,10.0.0.241,140.82.113.3,TCP,66
1738101194.477045,140.82.113.3,10.0.0.241,TCP,66
1738101194.477186,10.0.0.241,140.82.113.3,TCP,114
1738101194.486401,10.0.0.241,192.111.4.109,TCP,286
1738101194.49739,140.82.113.3,10.0.0.241,TCP,258
1738101194.4975,10.0.0.241,140.82.113.3,TCP,66
1738101194.500842,10.0.0.241,140.82.113.3,TCP,82
1738101194.501962,192.111.4.109,10.0.0.241,TCP,289
1738101194.502076,10.0.0.241,192.111.4.109,TCP,66
1738101194.511686,10.0.0.246,224.0.0.251,UDP,338
1738101194.518689,140.82.113.3,10.0.0.241,TCP,82
1738101194.518857,10.0.0.241,140.82.113.3,TCP,66
1738101194.518991,10.0.0.241,140.82.113.3,TCP,110
1738101194.536481,140.82.113.3,10.0.0.241,TCP,622
1738101194.536635,10.0.0.241,140.82.113.3,TCP,66
1738101194.582066,140.82.113.3,10.0.0.241,TCP,110
1738101194.582191,10.0.0.241,140.82.113.3,TCP,66
1738101194.582293,10.0.0.241,140.82.113.3,TCP,126
1738101194.603227,140.82.113.3,10.0.0.241,TCP,110
1738101194.603357,10.0.0.241,140.82.113.3,TCP,66
1738101194.607659,10.0.0.241,140.82.113.3,TCP,686
1738101194.613107,10.0.0.246,224.0.0.251,UDP,338
1738101194.633351,140.82.113.3,10.0.0.241,TCP,654
1738101194.633451,10.0.0.241,140.82.113.3,TCP,66
1738101194.746683,10.0.0.241,192.111.4.109,TCP,1018
1738101194.748407,10.0.0.241,140.82.113.3,TCP,66
1738101194.765117,140.82.113.3,10.0.0.241,TCP,66
1738101194.76523,10.0.0.241,140.82.113.3,TCP,66
1738101194.765516,192.111.4.109,10.0.0.241,TCP,276
1738101194.765566,10.0.0.241,192.111.4.109,TCP,66
1738101194.82528,10.0.0.246,224.0.0.251,UDP,338
1738101194.826665,10.0.0.246,224.0.0.251,UDP,410
1738101195.070884,10.0.0.246,224.0.0.251,UDP,104
1738101195.536698,10.0.0.230,224.0.0.251,UDP,866
1738101195.856851,10.0.0.241,192.111.4.109,TCP,175
1738101195.881499,192.111.4.109,10.0.0.241,TCP,202
1738101195.881578,10.0.0.241,192.111.4.109,TCP,66
1738101196.149325,10.0.0.246,224.0.0.251,UDP,925
1738101196.871623,10.0.0.246,224.0.0.251,UDP,410
1738101197.557783,10.0.0.241,142.250.82.209,UDP,162
1738101197.575732,142.250.82.209,10.0.0.241,UDP,106
1738101197.84966,10.0.0.241,192.111.4.109,TCP,1100
1738101197.853207,10.0.0.241,192.111.4.109,TCP,1092
1738101197.854529,10.0.0.241,192.111.4.109,TCP,1098
1738101197.855764,10.0.0.241,192.111.4.109,TCP,1095
1738101197.856993,10.0.0.241,192.111.4.109,TCP,1092
1738101197.858527,10.0.0.241,192.111.4.109,TCP,1008
1738101197.872104,192.111.4.109,10.0.0.241,TCP,66
1738101197.872932,192.111.4.109,10.0.0.241,TCP,66
1738101197.872933,192.111.4.109,10.0.0.241,TCP,276
1738101197.873045,10.0.0.241,192.111.4.109,TCP,66
1738101197.873277,192.111.4.109,10.0.0.241,TCP,457
1738101197.873278,192.111.4.109,10.0.0.241,TCP,276
1738101197.873332,10.0.0.241,192.111.4.109,TCP,66
1738101197.873726,192.111.4.109,10.0.0.241,TCP,276
1738101197.873763,10.0.0.241,192.111.4.109,TCP,66
1738101197.878002,192.111.4.109,10.0.0.241,TCP,276
1738101197.878114,10.0.0.241,192.111.4.109,TCP,66
1738101197.993324,10.0.0.246,224.0.0.251,UDP,104
1738101198.095772,10.0.0.246,224.0.0.251,UDP,925
1738101198.403835,10.0.0.241,185.199.109.154,TCP,54
1738101198.417721,185.199.109.154,10.0.0.241,TCP,66
1738101198.706818,10.0.0.241,192.0.77.2,TCP,54
1738101198.729422,192.0.77.2,10.0.0.241,TCP,54
1738101199.890547,10.0.0.241,192.111.4.109,TCP,1192
1738101199.912993,192.111.4.109,10.0.0.241,TCP,276
1738101199.913173,10.0.0.241,192.111.4.109,TCP,66
1738101200.042654,10.0.0.230,224.0.0.251,UDP,127
1738101200.246212,10.0.0.230,224.0.0.251,UDP,81
1738101200.55112,10.0.0.230,224.0.0.251,UDP,94
1738101200.653923,10.0.0.230,224.0.0.251,UDP,206
1738101200.863347,10.0.0.246,224.0.0.251,UDP,1240
1738101200.965254,10.0.0.230,224.0.0.251,UDP,206
1738101201.065116,10.0.0.230,224.0.0.251,UDP,94
1738101201.068291,10.0.0.230,224.0.0.251,UDP,127
1738101201.166441,10.0.0.230,224.0.0.251,UDP,206
1738101201.270408,10.0.0.230,224.0.0.251,UDP,81
1738101201.374625,10.0.0.230,224.0.0.251,UDP,187
1738101201.476385,10.0.0.230,224.0.0.251,UDP,727
1738101202.341665,10.0.0.241,140.82.113.25,TCP,54
1738101202.357101,140.82.113.25,10.0.0.241,TCP,66
1738101202.399745,10.0.0.230,224.0.0.251,UDP,811
